<?xml version="1.0" encoding="UTF-8"?>
<project-private xmlns="http://www.netbeans.org/ns/project-private/1">
    <editor-bookmarks xmlns="http://www.netbeans.org/ns/editor-bookmarks/2" lastBookmarkId="0"/>
    <open-files xmlns="http://www.netbeans.org/ns/projectui-open-files/2">
        <group>
            <file>file:/C:/Users/romai/Dropbox/PBL%204/Sistema%20de%20Roteamento/src/view/PanelGrafo.java</file>
            <file>file:/C:/Users/romai/Dropbox/PBL%204/Sistema%20de%20Roteamento/src/model/LerArquivo.java</file>
            <file>file:/C:/Users/romai/Dropbox/PBL%204/Sistema%20de%20Roteamento/src/model/Aresta.java</file>
            <file>file:/C:/Users/romai/Dropbox/PBL%204/Sistema%20de%20Roteamento/src/view/SistemaDeRoteamento.java</file>
        </group>
    </open-files>
</project-private>
